<?xml version="1.0" encoding="UTF-8"?>
<services>
	<serviceDirectory class="balam.exof.test.TestService" path="/test"/>
	<!-- <resource file="/Users/kwonsm/git/ExOf/exof/env/test_service.xml"/> -->
	
	<!-- <serviceDirectory class="team.balam.exof.test.SchedulerTest" path="/test/scheduler">
		<serviceVariable serviceName="testScheduler">
			<variable name="a" value="a1"/>
			<variable name="b" value="b2"/>
			<variable name="c" value="c3"/>
		</serviceVariable>
	</serviceDirectory>
		
	<scheduler id="" servicePath="/test/scheduler/testScheduler" cron="0/5 * * * * ?" duplicateExecution="no" use="no"/> -->
</services>
