<?xml version="1.0" encoding="UTF-8"?>
<services>
	<!-- <resource file="/Users/kwonsm/git/ExOf/exof/env/test_service.xml"/> -->
	<servicePackage package="team.balam.exof.test.scan"/>

	<serviceDirectory class="team.balam.exof.test.TestService" path="/test">
		<serviceVariable serviceName="schedule">
			<variable name="scheduleA" value="a1"/>
			<variable name="scheduleB" value="b2"/>
			<variable name="scheduleC" value="c3"/>
		</serviceVariable>
	</serviceDirectory>
	
	<scheduler id="" servicePath="/test/schedule" cron="0/5 * * * * ?" duplicateExecution="no" use="yes" initExecution="no"/>
</services>