<?xml version="1.0" encoding="UTF-8"?>
<listener>
	<port number="3001" type="console"/>
	<!-- <port number="3002" type="deploy" id="test" password="S0p8q/ylzIXELzui1jrVlA=="/> --> <!--P@ssword-->
	
	<port number="2000" maxLength="2000" description="for maven build">
		<channelHandler class="team.balam.exof.module.listener.handler.codec.NullDelimiterStringCodec"/>
		<messageTransform class="team.balam.exof.module.listener.handler.transform.JsonTransform"/>
	</port>
	
	<!-- <port number="2000" workerSize="200" lengthOffset="0" lengthSize="4" maxLength="1000">
		<sessionHandler class=""/>
		<channelHandler class="team.balam.exof.module.listener.handler.codec.HttpServerCodec"/>
		<messageTransform class=""/>
	</port>
	<port number="2000" ssl="yes" certificatePath="C:/Users/kwonsm/Desktop/keyutil_example.com.crt" 
									privateKeyPath="C:/Users/kwonsm/Desktop/keyutil_example.com.key" maxLength="8000">
		<channelHandler class="team.balam.exof.module.listener.handler.codec.HttpServerCodec"/>
		<messageTransform class="team.balam.exof.module.listener.handler.transform.HttpTransform"/>
	</port> 
	
	<port jetty="yes" http="8080" https="8090" maxIdleTime="30000" requestHeaderSize="8192"
		keystorePath="./env/keystore.jks"
		keystorePassword="test123"
		sslContextClass="team.balam.exof.module.was.SimpleSslContextFactory" 
		descriptor="./webapp/WEB-INF/web.xml" resourceBase="./webapp" contextPath="/"/> -->
</listener>